{
    "tgtwidth": [
        1.672,
        4.582
    ],
    "tgtlength": [
        8.967,
        44.763
    ],
    "tgtthickness": [
        0.00963,
        0.10049
    ],
    "slabthickness": [
        0.197,
        0.357
    ],
    "tgttmplatetemp": [
        0.0,
        880.0
    ],
    "tgtdischargetemp": [
        1050.0,
        1180.0
    ]
}