{
    "tgtwidth": [
        3.097,
        3.863
    ],
    "tgtlength": [
        13.377,
        38.923
    ],
    "tgtthickness": [
        0.02215,
        0.05001
    ],
    "slabthickness": [
        0.299,
        0.357
    ],
    "tgttmplatetemp": [
        790.0,
        800.0
    ],
    "tgtdischargetemp": [
        1120.0,
        1140.0
    ]
}